experiment,dataset,K,category,method,variance,risk,return,number_of_selected_assets,selected_indices,selected_tickers,selected_assets,solve_time,mip_gap,status,original_number_of_assets,number_of_assets_used,reduced_instance,reduction_rule
OR-Library,port1,5,Best Sparse,cardinality,0.0006671551769144,0.025829347202639,0.003504064516129,5,"[14, 25, 27, 28, 29]",,,0.0295078754425048,0.0,2.0,31.0,31.0,False,none
OR-Library,port1,5,Genetic Algorithm,genetic_algorithm,0.0006671552189476,0.0258293480163089,0.003504068538674,5,"[14, 25, 27, 28, 29]",,,3.4179388330085203,,2.0,31.0,31.0,False,none
OR-Library,port1,5,Gurobi Cardinality,cardinality,0.0006671551769144,0.025829347202639,0.003504064516129,5,"[14, 25, 27, 28, 29]",,,0.0295078754425048,0.0,2.0,31.0,31.0,False,none
OR-Library,port1,5,No-Sparsity Baseline,no_sparsity,0.0006513607337508,0.0255217698005229,0.0035040647106854,12,"[1, 4, 8, 12, 14, 15, 16, 25, 27, 28, 29, 30]",,,0.0115511417388916,,,31.0,31.0,False,none
OR-Library,port1,5,Simulated Annealing,simulated_annealing,0.0007078304768493,0.026605083665521,0.0035986115664921,5,"[18, 25, 27, 28, 30]",,,0.6197692089481279,,2.0,31.0,31.0,False,none
OR-Library,port1,10,Best Sparse,cardinality,0.0006515786479733,0.0255260386267311,0.003504064516129,10,"[4, 8, 12, 14, 15, 25, 27, 28, 29, 30]",,,0.0168781280517578,0.0,2.0,31.0,31.0,False,none
OR-Library,port1,10,Genetic Algorithm,genetic_algorithm,0.0006525731868895,0.0255455120694327,0.0035040647567442,10,"[1, 4, 8, 14, 15, 25, 27, 28, 29, 30]",,,4.647594708018005,,2.0,31.0,31.0,False,none
OR-Library,port1,10,Gurobi Cardinality,cardinality,0.0006515786479733,0.0255260386267311,0.003504064516129,10,"[4, 8, 12, 14, 15, 25, 27, 28, 29, 30]",,,0.0168781280517578,0.0,2.0,31.0,31.0,False,none
OR-Library,port1,10,No-Sparsity Baseline,no_sparsity,0.0006513607337508,0.0255217698005229,0.0035040647106854,12,"[1, 4, 8, 12, 14, 15, 16, 25, 27, 28, 29, 30]",,,0.001105785369873,,,31.0,31.0,False,none
OR-Library,port1,10,Simulated Annealing,simulated_annealing,0.0006617922551798,0.0257253232278993,0.0035041148181664,10,"[3, 8, 9, 12, 14, 17, 25, 27, 28, 29]",,,0.9362292919540778,,2.0,31.0,31.0,False,none
OR-Library,port1,20,Best Sparse,cardinality,0.0006513595767105,0.0255217471328002,0.003504064516129,11,"[4, 8, 12, 14, 15, 16, 25, 27, 28, 29, 30]",,,0.0028479099273681,0.0,2.0,31.0,31.0,False,none
OR-Library,port1,20,Genetic Algorithm,genetic_algorithm,0.0006513595775127,0.0255217471485146,0.0035040645181964,20,"[3, 4, 5, 8, 9, 10, 12, 13, 14, 15, 16, 17, 20, 23, 24, 25, 27, 28, 29, 30]",,,13.388038500095718,,2.0,31.0,31.0,False,none
OR-Library,port1,20,Gurobi Cardinality,cardinality,0.0006513595767105,0.0255217471328002,0.003504064516129,11,"[4, 8, 12, 14, 15, 16, 25, 27, 28, 29, 30]",,,0.0028479099273681,0.0,2.0,31.0,31.0,False,none
OR-Library,port1,20,No-Sparsity Baseline,no_sparsity,0.0006513607337508,0.0255217698005229,0.0035040647106854,12,"[1, 4, 8, 12, 14, 15, 16, 25, 27, 28, 29, 30]",,,0.0011160373687744,,,31.0,31.0,False,none
OR-Library,port1,20,Simulated Annealing,simulated_annealing,0.0006513595785711,0.0255217471692501,0.0035040645188286,20,"[0, 4, 6, 8, 10, 12, 14, 15, 16, 17, 19, 22, 23, 24, 25, 26, 27, 28, 29, 30]",,,2.666058083064854,,2.0,31.0,31.0,False,none
OR-Library,port2,5,Best Sparse,cardinality,0.0001836367245405,0.0135512628393273,0.0016262289885652,5,"[3, 18, 48, 67, 84]",,,1.5498340129852295,0.0,2.0,85.0,85.0,False,none
OR-Library,port2,5,Genetic Algorithm,genetic_algorithm,0.0001857016681074,0.0136272399299153,0.0015654786723126,5,"[3, 18, 19, 48, 67]",,,2.619794875034131,,2.0,85.0,85.0,False,none
OR-Library,port2,5,Gurobi Cardinality,cardinality,0.0001836367245405,0.0135512628393273,0.0016262289885652,5,"[3, 18, 48, 67, 84]",,,1.5498340129852295,0.0,2.0,85.0,85.0,False,none
OR-Library,port2,5,No-Sparsity Baseline,no_sparsity,0.0001368559567414,0.0116985450694272,0.002102107281869,28,"[0, 1, 2, 3, 7, 9, 11, 12, 18, 19, 28, 33, 34, 39, 43, 48, 49, 50, 56, 58, 61, 66, 67, 70, 71, 72, 77, 84]",,,0.0070099830627441,,,85.0,85.0,False,none
OR-Library,port2,5,Simulated Annealing,simulated_annealing,0.0002188995911767,0.0147952556982567,0.0027215295594991,5,"[3, 12, 39, 45, 67]",,,0.4950827499851584,,2.0,85.0,85.0,False,none
OR-Library,port2,10,Best Sparse,cardinality,0.0001481142324551,0.0121702190799967,0.0021438171290063,10,"[1, 3, 11, 12, 18, 34, 48, 50, 67, 84]",,,0.5214619636535645,0.0,2.0,85.0,85.0,False,none
OR-Library,port2,10,Genetic Algorithm,genetic_algorithm,0.0001535317823174,0.0123907942569258,0.001871324785625,10,"[1, 3, 11, 18, 19, 28, 34, 48, 50, 67]",,,4.688936208956875,,2.0,85.0,85.0,False,none
OR-Library,port2,10,Gurobi Cardinality,cardinality,0.0001481142324551,0.0121702190799967,0.0021438171290063,10,"[1, 3, 11, 12, 18, 34, 48, 50, 67, 84]",,,0.5214619636535645,0.0,2.0,85.0,85.0,False,none
OR-Library,port2,10,No-Sparsity Baseline,no_sparsity,0.0001368559567414,0.0116985450694272,0.002102107281869,28,"[0, 1, 2, 3, 7, 9, 11, 12, 18, 19, 28, 33, 34, 39, 43, 48, 49, 50, 56, 58, 61, 66, 67, 70, 71, 72, 77, 84]",,,0.0053629875183105,,,85.0,85.0,False,none
OR-Library,port2,10,Simulated Annealing,simulated_annealing,0.0002058464806211,0.014347350996653,0.0014916493547781,10,"[4, 19, 35, 48, 54, 66, 67, 81, 82, 84]",,,1.021580334054306,,2.0,85.0,85.0,False,none
OR-Library,port2,20,Best Sparse,cardinality,0.0001370627818637,0.01170738151184,0.0020754631128538,20,"[1, 2, 3, 9, 11, 12, 18, 19, 33, 34, 48, 50, 56, 58, 61, 66, 67, 70, 77, 84]",,,0.1211459636688232,0.0,2.0,85.0,85.0,False,none
OR-Library,port2,20,Genetic Algorithm,genetic_algorithm,0.0001393920998631,0.0118064431503792,0.0022574115974187,20,"[0, 1, 2, 3, 5, 11, 12, 17, 18, 28, 34, 36, 48, 50, 58, 66, 67, 70, 73, 84]",,,13.344758249935694,,2.0,85.0,85.0,False,none
OR-Library,port2,20,Gurobi Cardinality,cardinality,0.0001370627818637,0.01170738151184,0.0020754631128538,20,"[1, 2, 3, 9, 11, 12, 18, 19, 33, 34, 48, 50, 56, 58, 61, 66, 67, 70, 77, 84]",,,0.1211459636688232,0.0,2.0,85.0,85.0,False,none
OR-Library,port2,20,No-Sparsity Baseline,no_sparsity,0.0001368559567414,0.0116985450694272,0.002102107281869,28,"[0, 1, 2, 3, 7, 9, 11, 12, 18, 19, 28, 33, 34, 39, 43, 48, 49, 50, 56, 58, 61, 66, 67, 70, 71, 72, 77, 84]",,,0.0055580139160156,,,85.0,85.0,False,none
OR-Library,port2,20,Simulated Annealing,simulated_annealing,0.0001687469077318,0.012990262034763,0.0020087740540441,20,"[0, 3, 10, 12, 14, 17, 18, 19, 24, 28, 32, 34, 39, 47, 50, 52, 64, 67, 72, 81]",,,2.757835124968551,,2.0,85.0,85.0,False,none
OR-Library,port3,5,Best Sparse,cardinality,0.0002384403707549,0.0154415145227058,0.0026614269662921,5,"[1, 19, 40, 45, 61]",,,7.010682821273804,0.0,2.0,89.0,89.0,False,none
OR-Library,port3,5,Genetic Algorithm,genetic_algorithm,0.0002384408150212,0.0154415289081494,0.0026615245424729,5,"[1, 19, 40, 45, 61]",,,2.8370149160036817,,2.0,89.0,89.0,False,none
OR-Library,port3,5,Gurobi Cardinality,cardinality,0.0002384403707549,0.0154415145227058,0.0026614269662921,5,"[1, 19, 40, 45, 61]",,,7.010682821273804,0.0,2.0,89.0,89.0,False,none
OR-Library,port3,5,No-Sparsity Baseline,no_sparsity,0.0001992801195208,0.014116661061342,0.0026614270499076,36,"[1, 2, 11, 16, 19, 22, 23, 24, 25, 29, 32, 35, 40, 44, 45, 52, 54, 55, 58, 59, 60, 61, 62, 64, 65, 66, 70, 71, 72, 74, 75, 76, 81, 82, 84, 85]",,,0.0061390399932861,,,89.0,89.0,False,none
OR-Library,port3,5,Simulated Annealing,simulated_annealing,0.0002886260427619,0.016988997697392,0.0026614271053541,5,"[8, 24, 36, 44, 45]",,,0.5162315829657018,,2.0,89.0,89.0,False,none
OR-Library,port3,10,Best Sparse,cardinality,0.0002068696749415,0.0143829647479779,0.0026614269662921,10,"[1, 19, 24, 29, 40, 45, 55, 61, 74, 82]",,,1.0793938636779783,0.0,2.0,89.0,89.0,False,none
OR-Library,port3,10,Genetic Algorithm,genetic_algorithm,0.0002121133425108,0.0145641114562779,0.0026614285963361,10,"[1, 2, 19, 22, 24, 29, 40, 45, 55, 61]",,,4.71570666693151,,2.0,89.0,89.0,False,none
OR-Library,port3,10,Gurobi Cardinality,cardinality,0.0002068696749415,0.0143829647479779,0.0026614269662921,10,"[1, 19, 24, 29, 40, 45, 55, 61, 74, 82]",,,1.0793938636779783,0.0,2.0,89.0,89.0,False,none
OR-Library,port3,10,No-Sparsity Baseline,no_sparsity,0.0001992801195208,0.014116661061342,0.0026614270499076,36,"[1, 2, 11, 16, 19, 22, 23, 24, 25, 29, 32, 35, 40, 44, 45, 52, 54, 55, 58, 59, 60, 61, 62, 64, 65, 66, 70, 71, 72, 74, 75, 76, 81, 82, 84, 85]",,,0.0059640407562255,,,89.0,89.0,False,none
OR-Library,port3,10,Simulated Annealing,simulated_annealing,0.000243279952056,0.0155974341497583,0.002661427791064,10,"[3, 5, 6, 19, 36, 45, 61, 63, 75, 82]",,,0.948692417005077,,2.0,89.0,89.0,False,none
OR-Library,port3,20,Best Sparse,cardinality,0.0001996971389937,0.0141314238133934,0.0026614269662921,20,"[1, 19, 23, 24, 29, 32, 40, 45, 52, 55, 58, 61, 65, 66, 70, 72, 74, 81, 82, 84]",,,0.1696779727935791,0.0,2.0,89.0,89.0,False,none
OR-Library,port3,20,Genetic Algorithm,genetic_algorithm,0.0002029374251279,0.0142456107320092,0.0026614415392082,20,"[1, 2, 8, 11, 13, 19, 24, 29, 32, 35, 40, 45, 52, 55, 60, 61, 65, 72, 74, 82]",,,13.126722874934783,,2.0,89.0,89.0,False,none
OR-Library,port3,20,Gurobi Cardinality,cardinality,0.0001996971389937,0.0141314238133934,0.0026614269662921,20,"[1, 19, 23, 24, 29, 32, 40, 45, 52, 55, 58, 61, 65, 66, 70, 72, 74, 81, 82, 84]",,,0.1696779727935791,0.0,2.0,89.0,89.0,False,none
OR-Library,port3,20,No-Sparsity Baseline,no_sparsity,0.0001992801195208,0.014116661061342,0.0026614270499076,36,"[1, 2, 11, 16, 19, 22, 23, 24, 25, 29, 32, 35, 40, 44, 45, 52, 54, 55, 58, 59, 60, 61, 62, 64, 65, 66, 70, 71, 72, 74, 75, 76, 81, 82, 84, 85]",,,0.005836009979248,,,89.0,89.0,False,none
OR-Library,port3,20,Simulated Annealing,simulated_annealing,0.0002229384026437,0.0149311219485925,0.0029576406109445,20,"[1, 3, 8, 12, 13, 20, 40, 43, 45, 49, 52, 59, 61, 64, 70, 72, 73, 74, 76, 80]",,,2.6741752499947324,,2.0,89.0,89.0,False,none
OR-Library,port4,5,Best Sparse,cardinality,0.0001890685557586,0.0137502202076429,0.0028731326530612,5,"[18, 44, 61, 63, 85]",,,60.007391929626465,0.0480347769769887,9.0,98.0,98.0,False,none
OR-Library,port4,5,Genetic Algorithm,genetic_algorithm,0.0001941215629652,0.0139327514499184,0.0028731327236438,5,"[10, 18, 44, 61, 95]",,,3.0707977910060436,,2.0,98.0,98.0,False,none
OR-Library,port4,5,Gurobi Cardinality,cardinality,0.0001890685557586,0.0137502202076429,0.0028731326530612,5,"[18, 44, 61, 63, 85]",,,60.007391929626465,0.0480347769769887,9.0,98.0,98.0,False,none
OR-Library,port4,5,No-Sparsity Baseline,no_sparsity,0.000131772454274,0.0114792183651176,0.0028731326572503,39,"[1, 3, 4, 7, 9, 10, 11, 15, 17, 18, 22, 27, 32, 33, 35, 36, 37, 40, 41, 43, 44, 46, 50, 51, 52, 53, 61, 63, 64, 65, 71, 72, 82, 85, 87, 88, 91, 92, 95]",,,0.007275104522705,,,98.0,98.0,False,none
OR-Library,port4,5,Simulated Annealing,simulated_annealing,0.0002433954076384,0.0156011348189303,0.0028753622241137,5,"[8, 44, 64, 81, 95]",,,0.5595518329646438,,2.0,98.0,98.0,False,none
OR-Library,port4,10,Best Sparse,cardinality,0.0001469811543722,0.0121235784474831,0.0028731326530612,10,"[10, 35, 41, 44, 61, 63, 64, 72, 85, 95]",,,26.669458150863647,0.0,2.0,98.0,98.0,False,none
OR-Library,port4,10,Genetic Algorithm,genetic_algorithm,0.0001585697267629,0.0125924472110458,0.0028731336216411,10,"[4, 7, 10, 33, 35, 36, 43, 50, 61, 63]",,,5.125479000038467,,2.0,98.0,98.0,False,none
OR-Library,port4,10,Gurobi Cardinality,cardinality,0.0001469811543722,0.0121235784474831,0.0028731326530612,10,"[10, 35, 41, 44, 61, 63, 64, 72, 85, 95]",,,26.669458150863647,0.0,2.0,98.0,98.0,False,none
OR-Library,port4,10,No-Sparsity Baseline,no_sparsity,0.000131772454274,0.0114792183651176,0.0028731326572503,39,"[1, 3, 4, 7, 9, 10, 11, 15, 17, 18, 22, 27, 32, 33, 35, 36, 37, 40, 41, 43, 44, 46, 50, 51, 52, 53, 61, 63, 64, 65, 71, 72, 82, 85, 87, 88, 91, 92, 95]",,,0.008213996887207,,,98.0,98.0,False,none
OR-Library,port4,10,Simulated Annealing,simulated_annealing,0.0001878444297058,0.0137056349617911,0.0028731330774012,10,"[10, 13, 22, 24, 44, 64, 67, 79, 87, 95]",,,0.982594707980752,,2.0,98.0,98.0,False,none
OR-Library,port4,20,Best Sparse,cardinality,0.0001328123946783,0.0115244260021217,0.0028731326530612,20,"[3, 4, 10, 18, 32, 33, 35, 36, 41, 43, 44, 50, 51, 61, 63, 64, 71, 72, 85, 95]",,,0.2588210105895996,0.0,2.0,98.0,98.0,False,none
OR-Library,port4,20,Genetic Algorithm,genetic_algorithm,0.0001394039453247,0.0118069447921432,0.0028731330792539,20,"[0, 1, 3, 4, 10, 18, 33, 35, 36, 39, 43, 53, 60, 61, 63, 64, 65, 71, 72, 85]",,,16.656562875024974,,2.0,98.0,98.0,False,none
OR-Library,port4,20,Gurobi Cardinality,cardinality,0.0001328123946783,0.0115244260021217,0.0028731326530612,20,"[3, 4, 10, 18, 32, 33, 35, 36, 41, 43, 44, 50, 51, 61, 63, 64, 71, 72, 85, 95]",,,0.2588210105895996,0.0,2.0,98.0,98.0,False,none
OR-Library,port4,20,No-Sparsity Baseline,no_sparsity,0.000131772454274,0.0114792183651176,0.0028731326572503,39,"[1, 3, 4, 7, 9, 10, 11, 15, 17, 18, 22, 27, 32, 33, 35, 36, 37, 40, 41, 43, 44, 46, 50, 51, 52, 53, 61, 63, 64, 65, 71, 72, 82, 85, 87, 88, 91, 92, 95]",,,0.0081098079681396,,,98.0,98.0,False,none
OR-Library,port4,20,Simulated Annealing,simulated_annealing,0.0001606927716842,0.0126764652677407,0.0028731326554995,20,"[4, 9, 10, 16, 19, 36, 37, 41, 43, 50, 51, 55, 61, 64, 65, 70, 71, 82, 84, 85]",,,2.6419058749452233,,2.0,98.0,98.0,False,none
OR-Library,port5,5,Best Sparse,cardinality,0.0003173597700228,0.0178145942985744,8.176027905076564e-05,5,"[59, 61, 97, 128, 224]",,,0.1098439693450927,0.0,2.0,225.0,225.0,False,none
OR-Library,port5,5,Genetic Algorithm,genetic_algorithm,0.0003355735008198,0.0183186653667742,-0.0005873967559407,5,"[41, 59, 97, 128, 224]",,,2.894061875063926,,2.0,225.0,225.0,False,none
OR-Library,port5,5,Gurobi Cardinality,cardinality,0.0003173597700228,0.0178145942985744,8.176027905076564e-05,5,"[59, 61, 97, 128, 224]",,,0.1098439693450927,0.0,2.0,225.0,225.0,False,none
OR-Library,port5,5,No-Sparsity Baseline,no_sparsity,0.0003046427911994,0.0174540193422459,7.119611597182535e-05,17,"[10, 39, 41, 42, 59, 61, 78, 84, 96, 97, 104, 113, 128, 170, 198, 214, 224]",,,0.0647399425506591,,,225.0,225.0,False,none
OR-Library,port5,5,Simulated Annealing,simulated_annealing,0.0004507295626504,0.0212303924280842,-0.0005435400828883,5,"[59, 128, 147, 208, 217]",,,0.573023583041504,,2.0,225.0,225.0,False,none
OR-Library,port5,10,Best Sparse,cardinality,0.0003048001776203,0.0174585273611595,8.211429346343553e-05,10,"[10, 39, 59, 61, 96, 97, 104, 128, 170, 224]",,,0.1010117530822753,0.0,2.0,225.0,225.0,False,none
OR-Library,port5,10,Genetic Algorithm,genetic_algorithm,0.0003288197555051,0.0181333878661743,-0.0001887701481995,10,"[10, 23, 39, 59, 97, 104, 108, 125, 128, 198]",,,4.974021499976516,,2.0,225.0,225.0,False,none
OR-Library,port5,10,Gurobi Cardinality,cardinality,0.0003048001776203,0.0174585273611595,8.211429346343553e-05,10,"[10, 39, 59, 61, 96, 97, 104, 128, 170, 224]",,,0.1010117530822753,0.0,2.0,225.0,225.0,False,none
OR-Library,port5,10,No-Sparsity Baseline,no_sparsity,0.0003046427911994,0.0174540193422459,7.119611597182535e-05,17,"[10, 39, 41, 42, 59, 61, 78, 84, 96, 97, 104, 113, 128, 170, 198, 214, 224]",,,0.0412769317626953,,,225.0,225.0,False,none
OR-Library,port5,10,Simulated Annealing,simulated_annealing,0.0003721748877067,0.0192918347418486,-0.0004852203278873,10,"[28, 59, 74, 94, 97, 128, 139, 156, 175, 190]",,,1.0082508750492707,,2.0,225.0,225.0,False,none
OR-Library,port5,20,Best Sparse,cardinality,0.0003046407420797,0.0174539606416337,7.080196150268669e-05,11,"[10, 39, 59, 61, 84, 96, 97, 104, 128, 170, 224]",,,0.017165184020996,0.0,2.0,225.0,225.0,False,none
OR-Library,port5,20,Genetic Algorithm,genetic_algorithm,0.0003117557923722,0.0176566076122297,8.395827012353877e-05,20,"[1, 4, 7, 10, 17, 26, 59, 61, 84, 96, 97, 104, 116, 135, 143, 145, 161, 170, 214, 224]",,,14.17522650002502,,2.0,225.0,225.0,False,none
OR-Library,port5,20,Gurobi Cardinality,cardinality,0.0003046407420797,0.0174539606416337,7.080196150268669e-05,11,"[10, 39, 59, 61, 84, 96, 97, 104, 128, 170, 224]",,,0.017165184020996,0.0,2.0,225.0,225.0,False,none
OR-Library,port5,20,No-Sparsity Baseline,no_sparsity,0.0003046427911994,0.0174540193422459,7.119611597182535e-05,17,"[10, 39, 41, 42, 59, 61, 78, 84, 96, 97, 104, 113, 128, 170, 198, 214, 224]",,,0.0543107986450195,,,225.0,225.0,False,none
OR-Library,port5,20,Simulated Annealing,simulated_annealing,0.0003513230599766,0.0187436138451639,0.0003186463654785,20,"[18, 20, 33, 59, 61, 72, 83, 89, 102, 108, 113, 124, 128, 175, 181, 193, 198, 204, 206, 207]",,,2.820496042026207,,2.0,225.0,225.0,False,none
Yahoo_20stocks,Yahoo_20stocks,5,Best Sparse,cardinality,0.0001579709445192,0.0125686492718696,0.0009245938743775,5,"[8, 12, 15, 16, 19]","['V', 'MA', 'XOM', 'KO', 'PEP']",,0.0262560844421386,0.0,,,,,
Yahoo_20stocks,Yahoo_20stocks,5,Genetic Algorithm,genetic_algorithm,0.0001579709541947,0.0125686496567767,,5,"[8, 12, 15, 16, 19]","['V', 'MA', 'XOM', 'KO', 'PEP']",,0.0004220008850097,,,,,,
Yahoo_20stocks,Yahoo_20stocks,5,Gurobi Cardinality,cardinality,0.0001579709445192,0.0125686492718696,0.0009245938743775,5,"[8, 12, 15, 16, 19]","['V', 'MA', 'XOM', 'KO', 'PEP']",,0.0262560844421386,0.0,,,,,
Yahoo_20stocks,Yahoo_20stocks,5,No-Sparsity Baseline,no_sparsity,0.0001546432246826,0.0124355629017199,0.0009245938854388,14,"[0, 1, 5, 6, 8, 10, 11, 12, 13, 14, 15, 16, 17, 19]","['AAPL', 'MSFT', 'NVDA', 'TSLA', 'V', 'HD', 'PG', 'MA', 'DIS', 'BAC', 'XOM', 'KO', 'PFE', 'PEP']",,0.000939130783081,,,,,,
Yahoo_20stocks,Yahoo_20stocks,5,Simulated Annealing,simulated_annealing,0.000159845595063,0.0126430057764396,,5,"[0, 13, 15, 16, 19]","['AAPL', 'DIS', 'XOM', 'KO', 'PEP']",,0.0004067420959472,,,,,,
Yahoo_Test,Yahoo_5stocks,3,Best Sparse,cardinality,0.0003227159579577,0.0179642967565601,0.0012413291235426,3,"[0, 2, 4]","['AAPL', 'AMZN', 'META']",,0.0034990310668945,0.0,,,,,
Yahoo_Test,Yahoo_5stocks,3,Genetic Algorithm,genetic_algorithm,0.0003227159579577,0.0179642967565606,0.0012413290207977,3,"[0, 2, 4]","['AAPL', 'AMZN', 'META']",,0.0003809928894042,,,,,,
Yahoo_Test,Yahoo_5stocks,3,Gurobi Cardinality,cardinality,0.0003227159579577,0.0179642967565601,0.0012413291235426,3,"[0, 2, 4]","['AAPL', 'AMZN', 'META']",,0.0034990310668945,0.0,,,,,
Yahoo_Test,Yahoo_5stocks,3,No-Sparsity Baseline,no_sparsity,0.0003177204248311,0.0178247138779608,0.0011793509512737,4,"[0, 1, 2, 4]","['AAPL', 'MSFT', 'AMZN', 'META']",,0.0005559921264648,,,,,,
Yahoo_Test,Yahoo_5stocks,3,Simulated Annealing,simulated_annealing,0.0003227159579577,0.0179642967565606,0.0012413290207977,3,"[0, 2, 4]","['AAPL', 'AMZN', 'META']",,0.0004510879516601,,,,,,
