dataset,K,method,run_id,variance,risk,return,number_of_selected_assets,selected_indices,solve_time,status,elapsed_total_time,remaining_time_when_started,stopped_due_to_time_budget,original_number_of_assets,number_of_assets_used,reduced_instance,reduction_rule
port1,5,genetic_algorithm,1,0.0006671552189476015,0.025829348016308918,0.0035040685386740138,5,"[14, 25, 27, 28, 29]",3.4179388330085203,2,3.517299916013144,599.9006486670114,False,31,31,False,none
port1,5,genetic_algorithm,2,0.0006894928669103695,0.02625819618538885,0.0035040705310315575,5,"[4, 14, 25, 27, 29]",2.416006749961525,2,5.933358583017252,596.4826946250396,False,31,31,False,none
port1,5,genetic_algorithm,3,0.0006782172957093645,0.026042605394033917,0.003504074292575246,5,"[25, 27, 28, 29, 30]",2.3924532500095665,2,8.32589629094582,594.0665984590305,False,31,31,False,none
port1,5,simulated_annealing,1,0.0007081723088455022,0.026611507075802794,0.0035040676192709956,5,"[15, 16, 25, 27, 28]",0.5558045420330018,2,8.890463124960661,591.665349500021,False,31,31,False,none
port1,5,simulated_annealing,2,0.000707830476849375,0.02660508366552105,0.0035986115664921026,5,"[18, 25, 27, 28, 30]",0.6197692089481279,2,9.51025795796886,591.109531708993,False,31,31,False,none
port1,5,simulated_annealing,3,0.0007464977749497516,0.027322111465802778,0.0035040645924796737,5,"[1, 11, 15, 25, 27]",0.49922695895656943,2,10.009506999980658,590.4897375840228,False,31,31,False,none
port1,10,genetic_algorithm,1,0.0006525731868895331,0.025545512069432726,0.003504064756744201,10,"[1, 4, 8, 14, 15, 25, 27, 28, 29, 30]",4.647594708018005,2,14.707538375048898,589.940063667018,False,31,31,False,none
port1,10,genetic_algorithm,2,0.000655852554804473,0.025609618404116706,0.0035040645758668337,10,"[0, 1, 8, 12, 14, 15, 25, 27, 28, 29]",4.722436583018862,2,19.430019708001055,585.2924572089687,False,31,31,False,none
port1,10,genetic_algorithm,3,0.0006540211121497014,0.025573836476948494,0.0035040645745239483,10,"[1, 8, 12, 14, 15, 25, 27, 28, 29, 30]",4.639537667040713,2,24.069636833039112,580.5699388750363,False,31,31,False,none
port1,10,simulated_annealing,1,0.0006876056487376406,0.02622223576924059,0.0035040645239454438,10,"[6, 12, 13, 14, 18, 19, 22, 25, 27, 30]",1.059512666077353,2,25.13631254096981,575.9232078749919,False,31,31,False,none
port1,10,simulated_annealing,2,0.0006617922551798994,0.02572532322789938,0.0035041148181664044,10,"[3, 8, 9, 12, 14, 17, 25, 27, 28, 29]",0.9362292919540778,2,26.07256633299403,574.8636831670301,False,31,31,False,none
port1,10,simulated_annealing,3,0.0006756167342651572,0.025992628460106863,0.003504068238984268,10,"[9, 14, 15, 16, 22, 24, 25, 26, 27, 28]",0.9196990830823779,2,26.992289582965896,573.9274290000321,False,31,31,False,none
port1,20,genetic_algorithm,1,0.0006513595782960302,0.025521747163860672,0.0035040645187046004,20,"[2, 4, 5, 6, 7, 8, 10, 12, 14, 15, 16, 17, 18, 20, 22, 25, 27, 28, 29, 30]",13.321800417033955,2,40.35049129102845,572.9713357919827,False,31,31,False,none
port1,20,genetic_algorithm,2,0.0006513595775127146,0.02552174714851463,0.003504064518196498,20,"[3, 4, 5, 8, 9, 10, 12, 13, 14, 15, 16, 17, 20, 23, 24, 25, 27, 28, 29, 30]",13.388038500095718,2,53.73860154103022,559.6494727090467,False,31,31,False,none
port1,20,genetic_algorithm,3,0.0006513595776965032,0.025521747152115255,0.003504064517212249,20,"[2, 3, 4, 6, 7, 8, 9, 10, 11, 12, 13, 14, 15, 16, 17, 25, 27, 28, 29, 30]",13.251005916972645,2,66.98965091595892,546.26139374997,False,31,31,False,none
port1,20,simulated_annealing,1,0.0006513595828958797,0.025521747253976945,0.00350406452314007,20,"[0, 2, 4, 5, 6, 7, 8, 9, 11, 12, 14, 15, 16, 18, 25, 26, 27, 28, 29, 30]",2.7306806249544024,2,69.73248558293562,532.9982032090193,False,31,31,False,none
port1,20,simulated_annealing,2,0.000651359578571126,0.02552174716925011,0.00350406451882869,20,"[0, 4, 6, 8, 10, 12, 14, 15, 16, 17, 19, 22, 23, 24, 25, 26, 27, 28, 29, 30]",2.666058083064854,2,72.39856754103675,530.2675101669738,False,31,31,False,none
port1,20,simulated_annealing,3,0.0006513595801054018,0.025521747199308314,0.003504064519350434,20,"[0, 4, 6, 7, 8, 12, 13, 14, 15, 16, 18, 19, 21, 23, 24, 25, 27, 28, 29, 30]",2.635966750094667,2,75.03455766604748,527.6014265420381,False,31,31,False,none
port2,5,genetic_algorithm,1,0.0001857016681074782,0.013627239929915309,0.0015654786723126924,5,"[3, 18, 19, 48, 67]",2.619794875034131,2,79.39258887502365,523.2272288750391,False,85,85,False,none
port2,5,genetic_algorithm,2,0.00018643921626337355,0.013654274651674967,0.0017952030364958213,5,"[3, 11, 19, 48, 67]",2.369384500081651,2,81.76202383299824,520.6073906669626,False,85,85,False,none
port2,5,genetic_algorithm,3,0.0001870156324159966,0.013675365896969506,0.0023557783221144933,5,"[3, 12, 18, 48, 67]",2.38440654205624,2,84.14645679097157,518.2379709590459,False,85,85,False,none
port2,5,simulated_annealing,1,0.00023339359256026586,0.015277224635393232,0.001874751403932313,5,"[3, 9, 23, 48, 84]",0.48112858401145786,2,84.6349513749592,515.8461854590569,False,85,85,False,none
port2,5,simulated_annealing,2,0.00021889959117679742,0.014795255698256703,0.0027215295594991,5,"[3, 12, 39, 45, 67]",0.49508274998515844,2,85.13005662499927,515.3650437500328,False,85,85,False,none
port2,5,simulated_annealing,3,0.00023718291017318753,0.015400743818828607,0.0016924800973257387,5,"[3, 11, 20, 44, 67]",0.4634070419706404,2,85.59348512499128,514.8699390840484,False,85,85,False,none
port2,10,genetic_algorithm,1,0.00015362395092881223,0.012394512936328407,0.0021830793317784702,10,"[1, 2, 3, 11, 12, 18, 33, 48, 67, 84]",4.756310665979981,2,91.05560600000899,513.7007239169907,False,85,85,False,none
port2,10,genetic_algorithm,2,0.00015475593394143335,0.012440093807581732,0.0021856503341985416,10,"[1, 2, 3, 11, 19, 48, 50, 58, 67, 70]",4.794223458040506,2,95.84987108304631,508.944374792045,False,85,85,False,none
port2,10,genetic_algorithm,3,0.0001535317823174673,0.012390794256925878,0.0018713247856250905,10,"[1, 3, 11, 18, 19, 28, 34, 48, 50, 67]",4.688936208956875,2,100.53885329095647,504.150103708962,False,85,85,False,none
port2,10,simulated_annealing,1,0.00020584648062116177,0.014347350996653067,0.0014916493547781455,10,"[4, 19, 35, 48, 54, 66, 67, 81, 82, 84]",1.0215803340543061,2,101.5684522909578,499.4531359169632,False,85,85,False,none
port2,10,simulated_annealing,2,0.00022233817679988106,0.014911008577553736,0.0017150381558668805,10,"[1, 3, 11, 15, 35, 50, 60, 81, 82, 84]",0.9579223340842873,2,102.5264049579855,498.4315395420417,False,85,85,False,none
port2,10,simulated_annealing,3,0.00021930503575386017,0.014808951203709876,0.0014910707350463365,10,"[2, 3, 45, 49, 50, 53, 55, 57, 67, 77]",0.9369288750458509,2,103.46335579094011,497.4735909999581,False,85,85,False,none
port2,20,genetic_algorithm,1,0.0001393920998631363,0.011806443150379216,0.002257411597418765,20,"[0, 1, 2, 3, 5, 11, 12, 17, 18, 28, 34, 36, 48, 50, 58, 66, 67, 70, 73, 84]",13.344758249935694,2,117.10387824999634,496.24089129199274,False,85,85,False,none
port2,20,genetic_algorithm,2,0.00014156364013778657,0.011898051947179697,0.002156488077095664,20,"[1, 2, 3, 5, 7, 9, 11, 12, 14, 17, 18, 19, 31, 48, 50, 58, 61, 66, 67, 84]",13.365658542024903,2,130.46957529103383,482.8961126250215,False,85,85,False,none
port2,20,genetic_algorithm,3,0.00014219849294057682,0.01192470095811953,0.002205725653205558,20,"[1, 2, 3, 5, 7, 11, 12, 18, 19, 34, 40, 48, 52, 56, 58, 61, 66, 67, 70, 84]",13.829746708041057,2,144.2993844159646,469.5303901670268,False,85,85,False,none
port2,20,simulated_annealing,1,0.00017649153427762277,0.01328501164010114,0.0023548123348826043,20,"[0, 1, 2, 3, 5, 7, 9, 12, 16, 23, 32, 33, 38, 42, 43, 48, 56, 61, 63, 72]",3.219131916994229,2,147.52774637495168,455.69141404202674,False,85,85,False,none
port2,20,simulated_annealing,2,0.00017489019106812289,0.013224605516540857,0.0024736097311078443,20,"[1, 2, 3, 6, 9, 12, 14, 15, 19, 24, 31, 35, 41, 46, 48, 54, 60, 65, 70, 72]",2.6606722079450265,2,150.18854074995033,452.47218449995853,False,85,85,False,none
port2,20,simulated_annealing,3,0.0001687469077318075,0.012990262034763098,0.00200877405404416,20,"[0, 3, 10, 12, 14, 17, 18, 19, 24, 28, 32, 34, 39, 47, 50, 52, 64, 67, 72, 81]",2.757835124968551,2,152.94639774993993,449.8114544999553,False,85,85,False,none
port3,5,genetic_algorithm,1,0.0002384408150212147,0.015441528908149435,0.0026615245424729712,5,"[1, 19, 40, 45, 61]",2.8370149160036817,2,163.0877201659605,439.7493047500029,False,89,89,False,none
port3,5,genetic_algorithm,2,0.000245636028320118,0.015672779852984535,0.0032497001623544353,5,"[1, 24, 29, 45, 61]",2.481261209002696,2,165.569014083012,436.91226474998984,False,89,89,False,none
port3,5,genetic_algorithm,3,0.0002473643958889883,0.01572782235050321,0.0027482221910881143,5,"[1, 24, 45, 72, 74]",2.3303775410167873,2,167.89941304095555,434.430981875048,False,89,89,False,none
port3,5,simulated_annealing,1,0.0003073061330496798,0.01753014925919571,0.003348827337892633,5,"[1, 16, 52, 74, 76]",0.47518808394670486,2,168.37992724997457,432.09526837500744,False,89,89,False,none
port3,5,simulated_annealing,2,0.00028862604276199257,0.016988997697392056,0.0026614271053541265,5,"[8, 24, 36, 44, 45]",0.5162315829657018,2,168.89619387499988,431.6200685000513,False,89,89,False,none
port3,5,simulated_annealing,3,0.00029147787479011253,0.017072723121696564,0.0033435182246532714,5,"[1, 29, 45, 49, 52]",0.4850142919458449,2,169.38127833302133,431.10376866697334,False,89,89,False,none
port3,10,genetic_algorithm,1,0.0002177156953456573,0.014755192148720304,0.0026614270393322376,10,"[1, 2, 19, 23, 25, 32, 40, 45, 55, 61]",4.712961292010732,2,175.39530795800965,429.31766733399127,False,89,89,False,none
port3,10,genetic_algorithm,2,0.00021836312575306157,0.014777114933337346,0.002661428253256845,10,"[1, 19, 23, 40, 45, 55, 60, 61, 71, 77]",4.661727291997522,2,180.05707587499637,424.6046730419621,False,89,89,False,none
port3,10,genetic_algorithm,3,0.0002121133425108852,0.014564111456277902,0.0026614285963361614,10,"[1, 2, 19, 22, 24, 29, 40, 45, 55, 61]",4.71570666693151,2,184.77281845803373,419.94291979202535,False,89,89,False,none
port3,10,simulated_annealing,1,0.00024327995205604885,0.015597434149758378,0.002661427791064091,10,"[3, 5, 6, 19, 36, 45, 61, 63, 75, 82]",0.948692417005077,2,185.73235912504606,415.2163411669899,False,89,89,False,none
port3,10,simulated_annealing,2,0.0002567470434299833,0.016023328100927825,0.0028131943807951473,10,"[1, 24, 28, 32, 37, 45, 47, 50, 76, 78]",0.9364162909332663,2,186.66879687504843,414.26763670903165,False,89,89,False,none
port3,10,simulated_annealing,3,0.0002571195080478125,0.016034946462268357,0.002685425794227554,10,"[1, 2, 14, 24, 40, 49, 51, 62, 66, 76]",0.9478400830412284,2,187.61666041600984,413.33119820896536,False,89,89,False,none
port3,20,genetic_algorithm,1,0.0002056137785282337,0.014339239119570944,0.002661428016346145,20,"[1, 2, 3, 5, 19, 21, 22, 24, 29, 32, 40, 41, 45, 55, 58, 60, 61, 64, 65, 72]",13.262108916067518,2,201.2400283330353,412.0221065840451,False,89,89,False,none
port3,20,genetic_algorithm,2,0.00020329493264366664,0.014258153198912776,0.002661427259508208,20,"[1, 2, 7, 14, 19, 24, 26, 29, 32, 37, 40, 45, 46, 52, 55, 61, 65, 66, 82, 84]",13.272961292066611,2,214.51309762499295,398.7599283340387,False,89,89,False,none
port3,20,genetic_algorithm,3,0.00020293742512793593,0.014245610732009209,0.002661441539208244,20,"[1, 2, 8, 11, 13, 19, 24, 29, 32, 35, 40, 45, 52, 55, 60, 61, 65, 72, 74, 82]",13.126722874934785,2,227.63990791596007,385.48685687500983,False,89,89,False,none
port3,20,simulated_annealing,1,0.00022903878324386323,0.01513402733061703,0.002881870347713366,20,"[0, 1, 9, 18, 20, 24, 25, 26, 31, 32, 43, 45, 48, 52, 55, 61, 66, 67, 75, 78]",2.8187054579611868,2,230.4711467080051,372.3475699169794,False,89,89,False,none
port3,20,simulated_annealing,2,0.00022293840264374205,0.014931121948592545,0.0029576406109445424,20,"[1, 3, 8, 12, 13, 20, 40, 43, 45, 49, 52, 59, 61, 64, 70, 72, 73, 74, 76, 80]",2.6741752499947324,2,233.1453702909639,369.52882729202975,False,89,89,False,none
port3,20,simulated_annealing,3,0.0002259892063406762,0.015032937382317408,0.0026614395274545443,20,"[1, 4, 11, 13, 24, 30, 33, 45, 50, 52, 55, 58, 61, 64, 66, 67, 77, 79, 85, 88]",2.635300708003342,2,235.7806934999535,366.8546247499762,False,89,89,False,none
port4,5,genetic_algorithm,1,0.00020180927534138338,0.014205959148941101,0.0028731326768560014,5,"[1, 36, 50, 61, 95]",2.897809792077169,2,299.074580540997,303.823237542063,False,98,98,False,none
port4,5,genetic_algorithm,2,0.0002080510342504,0.014423974287636539,0.0028731334311057036,5,"[3, 44, 63, 67, 85]",2.5460044170031324,2,301.62062304094434,300.9254022090463,False,98,98,False,none
port4,5,genetic_algorithm,3,0.00019412156296520425,0.013932751449918434,0.0028731327236438454,5,"[10, 18, 44, 61, 95]",3.0707977910060436,2,304.69145691604353,298.37937258405145,False,98,98,False,none
port4,5,simulated_annealing,1,0.00025031551259427354,0.015821362539120122,0.002873135951979601,5,"[10, 18, 44, 77, 96]",0.604733792017214,2,305.3068931249436,295.29784975002985,False,98,98,False,none
port4,5,simulated_annealing,2,0.00025479613957928645,0.01596233502903903,0.0033368305046447603,5,"[18, 23, 44, 53, 95]",0.6902601250912994,2,305.99717662495095,294.6931008340325,False,98,98,False,none
port4,5,simulated_annealing,3,0.00024339540763843964,0.015601134818930308,0.002875362224113718,5,"[8, 44, 64, 81, 95]",0.5595518329646438,2,306.5567593330052,294.00281658396125,False,98,98,False,none
port4,10,genetic_algorithm,1,0.00015856972676297573,0.012592447211045823,0.0028731336216411916,10,"[4, 7, 10, 33, 35, 36, 43, 50, 61, 63]",5.125479000038467,2,338.58368345804047,266.54180637502577,False,98,98,False,none
port4,10,genetic_algorithm,2,0.00015891583177999544,0.012606182284101536,0.0028731326737653526,10,"[3, 10, 18, 33, 36, 44, 46, 61, 63, 85]",4.926444665994495,2,343.5101596249733,261.4163023750298,False,98,98,False,none
port4,10,genetic_algorithm,3,0.00016023777081791186,0.012658505868304989,0.0028731327124870165,10,"[6, 7, 10, 18, 41, 51, 61, 72, 85, 95]",4.943162917043082,2,348.4533511250047,256.4898353749886,False,98,98,False,none
port4,10,simulated_annealing,1,0.0002051399479129696,0.014322707422584935,0.0028731326610086576,10,"[4, 46, 50, 59, 61, 69, 85, 87, 88, 93]",0.9868283329997212,2,349.4484555829549,251.5383809170453,False,98,98,False,none
port4,10,simulated_annealing,2,0.00018784442970587293,0.013705634961791188,0.002873133077401214,10,"[10, 13, 22, 24, 44, 64, 67, 79, 87, 95]",0.982594707980752,2,350.43107395793777,250.55153970897663,False,98,98,False,none
port4,10,simulated_annealing,3,0.00019281095752555664,0.013885638535031676,0.00287313266740023,10,"[33, 37, 44, 51, 56, 62, 63, 94, 95, 96]",0.9827478749211878,2,351.4138452500338,249.56892062502448,False,98,98,False,none
port4,20,genetic_algorithm,1,0.00013940394532471813,0.01180694479214323,0.002873133079253928,20,"[0, 1, 3, 4, 10, 18, 33, 35, 36, 39, 43, 53, 60, 61, 63, 64, 65, 71, 72, 85]",16.656562875024974,2,368.555833374965,248.10074899997562,False,98,98,False,none
port4,20,genetic_algorithm,2,0.00014239483467172242,0.011932930682431807,0.002873132661852654,20,"[1, 2, 4, 9, 13, 18, 35, 36, 40, 43, 44, 46, 49, 56, 61, 63, 64, 71, 72, 85]",13.297785667004064,2,381.8537099160021,231.444124792004,False,98,98,False,none
port4,20,genetic_algorithm,3,0.00014415047849423524,0.012006268300110373,0.002873132660699944,20,"[1, 3, 4, 7, 9, 10, 15, 18, 26, 32, 33, 36, 43, 44, 50, 51, 61, 63, 71, 95]",13.24519845796749,2,395.0989305829862,218.14628574997187,False,98,98,False,none
port4,20,simulated_annealing,1,0.00017085454721678812,0.013071134121291393,0.0028731327783517407,20,"[10, 12, 14, 18, 28, 31, 35, 40, 42, 50, 54, 58, 61, 63, 64, 68, 77, 78, 91, 97]",2.6638401669915766,2,397.7745544159552,204.88929683400784,False,98,98,False,none
port4,20,simulated_annealing,2,0.00016450794050866334,0.012826064887901641,0.0028731328123597286,20,"[4, 20, 22, 28, 31, 33, 35, 51, 55, 57, 61, 63, 64, 70, 82, 83, 87, 90, 94, 95]",2.6597752920351923,2,400.4343637910206,202.22543441702146,False,98,98,False,none
port4,20,simulated_annealing,3,0.0001606927716842381,0.01267646526774077,0.002873132655499596,20,"[4, 9, 10, 16, 19, 36, 37, 41, 43, 50, 51, 55, 61, 64, 65, 70, 71, 82, 84, 85]",2.6419058749452233,2,403.0762943329755,199.56563149997965,False,98,98,False,none
port5,5,genetic_algorithm,1,0.00033557350081985546,0.01831866536677428,-0.0005873967559407277,5,"[41, 59, 97, 128, 224]",2.894061875063926,2,407.3349312909413,195.55915466696024,False,225,225,False,none
port5,5,genetic_algorithm,2,0.0003364855580519075,0.018343542679970723,0.00019901469820172502,5,"[7, 59, 61, 97, 128]",2.6424035420641303,2,409.9774070830317,192.66503100004047,False,225,225,False,none
port5,5,genetic_algorithm,3,0.00038162365410121854,0.01953519014755727,-1.7883851897267577e-05,5,"[10, 39, 41, 97, 128]",2.7791449999203905,2,412.75658508297056,190.02257883397397,False,225,225,False,none
port5,5,simulated_annealing,1,0.0004507295626504584,0.02123039242808428,-0.0005435400828883914,5,"[59, 128, 147, 208, 217]",0.573023583041504,2,413.34252499998547,187.23050662502646,False,225,225,False,none
port5,5,simulated_annealing,2,0.0005045345588850307,0.02246184673808079,0.0007656564029538712,5,"[5, 61, 108, 143, 159]",0.5421961670508608,2,413.884742041002,186.6574707919499,False,225,225,False,none
port5,5,simulated_annealing,3,0.00047105733460694484,0.021703855293632623,0.0011788118812417088,5,"[30, 33, 59, 61, 74]",0.556483207968995,2,414.4412524580257,186.1152532499982,False,225,225,False,none
port5,10,genetic_algorithm,1,0.00034447095707044935,0.018559928800252694,0.00038773449366738837,10,"[3, 10, 39, 59, 61, 95, 96, 104, 108, 224]",5.141346207936294,2,420.7845889159944,184.35678170900792,False,225,225,False,none
port5,10,genetic_algorithm,2,0.00032916816565604397,0.018142992191368102,0.00028693014564796257,10,"[0, 1, 10, 39, 59, 61, 104, 124, 128, 157]",5.172171041951515,2,425.9568094999995,179.21538595901802,False,225,225,False,none
port5,10,genetic_algorithm,3,0.0003288197555051202,0.01813338786617438,-0.00018877014819953906,10,"[10, 23, 39, 59, 97, 104, 108, 125, 128, 198]",4.974021499976516,2,430.9308609999716,174.0431825419655,False,225,225,False,none
port5,10,simulated_annealing,1,0.00040775616012535775,0.020192973038296213,-0.00032509595257903693,10,"[59, 77, 84, 92, 93, 171, 174, 220, 223, 224]",1.2049580829916522,2,432.1529749999754,169.05199145898223,False,225,225,False,none
port5,10,simulated_annealing,2,0.0004649902148231654,0.021563631763299184,-0.0007192428157570851,10,"[92, 101, 108, 113, 124, 128, 147, 177, 180, 216]",1.0254028749186546,2,433.17840341595,167.84701712499373,False,225,225,False,none
port5,10,simulated_annealing,3,0.00037217488770679736,0.019291834741848618,-0.00048522032788739624,10,"[28, 59, 74, 94, 97, 128, 139, 156, 175, 190]",1.0082508750492707,2,434.18667595798615,166.82159262499772,False,225,225,False,none
port5,20,genetic_algorithm,1,0.0003117557923722509,0.01765660761222979,8.395827012353877e-05,20,"[1, 4, 7, 10, 17, 26, 59, 61, 84, 96, 97, 104, 116, 135, 143, 145, 161, 170, 214, 224]",14.175226500025019,2,449.503217499936,164.67203862499446,False,225,225,False,none
port5,20,genetic_algorithm,2,0.0003245610029546842,0.018015576675607256,0.00038898106965467487,20,"[6, 7, 10, 14, 20, 24, 27, 30, 31, 39, 56, 59, 61, 67, 90, 96, 97, 105, 128, 205]",13.763828792027198,2,463.26711491600145,150.49675666703843,False,225,225,False,none
port5,20,genetic_algorithm,3,0.0003174028760753551,0.017815804109704257,0.00014046382292953345,20,"[2, 5, 10, 14, 15, 25, 27, 53, 59, 61, 75, 78, 88, 97, 103, 161, 170, 204, 217, 224]",13.783273708075285,2,477.0504566660384,136.73285145906266,False,225,225,False,none
port5,20,simulated_annealing,1,0.0003935362492391719,0.01983774808891301,-0.0001841886981821524,20,"[25, 29, 36, 59, 63, 69, 83, 84, 88, 94, 100, 125, 136, 161, 171, 191, 215, 219, 223, 224]",2.9584599159425125,2,480.0200145000126,122.9384531249525,False,225,225,False,none
port5,20,simulated_annealing,2,0.0003513230599766223,0.018743613845163966,0.00031864636547856984,20,"[18, 20, 33, 59, 61, 72, 83, 89, 102, 108, 113, 124, 128, 175, 181, 193, 198, 204, 206, 207]",2.820496042026207,2,482.8405657080002,119.97996020899154,False,225,225,False,none
port5,20,simulated_annealing,3,0.00040289897708213303,0.020072343587188145,0.0006388338017828561,20,"[19, 21, 22, 59, 61, 71, 77, 98, 104, 115, 120, 123, 139, 157, 160, 177, 179, 193, 216, 221]",2.7735478329705074,2,485.61418008303735,117.1594099169597,False,225,225,False,none
