dataset,K,method,best_variance,average_variance,std_variance,best_risk,average_risk,average_solve_time,best_return,number_of_selected_assets,best_selected_indices,mip_gap,status,elapsed_total_time,remaining_time_when_started,stopped_due_to_time_budget,original_number_of_assets,number_of_assets_used,reduced_instance,reduction_rule
port1,5,no_sparsity,0.0006546898286312237,0.0006546898286312237,0.0,0.025586907367464787,0.025586907367464787,0.006513833999633789,0.003541533477941653,11,"[1, 4, 8, 12, 14, 15, 16, 25, 27, 28, 29]",,,0.000816666055470705,599.9991833339445,False,31,30,True,first_30_assets
port1,5,cardinality,0.0006676334631503664,0.0006676334631503664,0.0,0.025838604125423773,0.025838604125423773,0.030551910400390625,0.0035415333333333335,5,"[14, 25, 27, 28, 29]",0.0,2.0,0.0428176251007244,599.9571823748993,False,31,30,True,first_30_assets
port1,5,genetic_algorithm,0.0006676334696918102,0.0006822154965498702,1.1065419707731223e-05,0.025838604252006535,0.0261183940635322,2.595090208342299,0.0035415337670898703,5,"[14, 25, 27, 28, 29]",,2.0,0.08868291601538658,599.9113170839846,False,31,30,True,first_30_assets
port1,5,simulated_annealing,0.0007182608608482722,0.0007253836908482726,5.58312877540531e-06,0.02680038919210451,0.026932748482297996,0.48256468066635233,0.0035423118824149218,5,"[1, 13, 14, 25, 27]",,2.0,7.8815077500185,592.1184922499815,False,31,30,True,first_30_assets
port1,10,no_sparsity,0.0006546898286312237,0.0006546898286312237,0.0,0.025586907367464787,0.025586907367464787,0.0010631084442138672,0.003541533477941653,11,"[1, 4, 8, 12, 14, 15, 16, 25, 27, 28, 29]",,,9.33287141600158,590.6671285839984,False,31,30,True,first_30_assets
port1,10,cardinality,0.0006546876720344785,0.0006546876720344785,0.0,0.025586865224846878,0.025586865224846878,0.0027730464935302734,0.003541533333333333,10,"[4, 8, 12, 14, 15, 16, 25, 27, 28, 29]",0.0,2.0,9.347140916041099,590.6528590839589,False,31,30,True,first_30_assets
port1,10,genetic_algorithm,0.0006548587525391674,0.0006553388306183312,6.789272737137601e-07,0.025590208137863345,0.025599583098977807,4.6462024443317205,0.0035415333591263254,10,"[2, 4, 8, 12, 14, 15, 25, 27, 28, 29]",,2.0,9.365650500054471,590.6343494999455,False,31,30,True,first_30_assets
port1,10,simulated_annealing,0.000662139260398807,0.0006654053260615921,2.3601133388999212e-06,0.02573206677277997,0.025795411048458377,0.9497006943371767,0.003541534344958265,10,"[3, 5, 8, 12, 14, 23, 25, 27, 28, 29]",,2.0,23.31107741605956,576.6889225839404,False,31,30,True,first_30_assets
port1,20,no_sparsity,0.0006546898286312237,0.0006546898286312237,0.0,0.025586907367464787,0.025586907367464787,0.0010828971862792969,0.003541533477941653,11,"[1, 4, 8, 12, 14, 15, 16, 25, 27, 28, 29]",,,26.16434683301486,573.8356531669851,False,31,30,True,first_30_assets
port1,20,cardinality,0.0006546876720344785,0.0006546876720344785,0.0,0.025586865224846878,0.025586865224846878,0.0022940635681152344,0.003541533333333333,10,"[4, 8, 12, 14, 15, 16, 25, 27, 28, 29]",0.0,2.0,26.17906212504022,573.8209378749598,False,31,30,True,first_30_assets
port1,20,genetic_algorithm,0.0006546876736218108,0.0006546876740429237,3.562004281704182e-13,0.025586865255865378,0.025586865264094465,13.099108930017488,0.0035415333364091873,20,"[2, 4, 5, 6, 7, 8, 10, 12, 14, 15, 16, 17, 18, 20, 23, 25, 26, 27, 28, 29]",,2.0,26.195216666092165,573.8047833339078,False,31,30,True,first_30_assets
port1,20,simulated_annealing,0.0006546876782548569,0.0006549811409421081,4.145260630930035e-07,0.025586865346401012,0.02559259805823173,2.644962944672443,0.003541533338673988,20,"[0, 2, 3, 4, 5, 6, 8, 10, 12, 14, 15, 16, 17, 19, 20, 23, 25, 27, 28, 29]",,2.0,65.50141800008714,534.4985819999129,False,31,30,True,first_30_assets
port2,5,no_sparsity,0.00017648418656778273,0.00017648418656778273,0.0,0.013284735095882896,0.013284735095882896,0.0010509490966796875,0.0023451078627987087,21,"[0, 1, 2, 3, 5, 6, 7, 9, 11, 12, 13, 14, 15, 16, 17, 18, 19, 21, 22, 28, 29]",,,73.44592595810536,526.5540740418946,False,85,30,True,first_30_assets
port2,5,cardinality,0.00021904357895962933,0.00021904357895962933,0.0,0.014800120910304393,0.014800120910304393,0.0819849967956543,0.0021763000000000004,5,"[3, 9, 11, 12, 18]",0.0,2.0,73.46051200001966,526.5394879999803,False,85,30,True,first_30_assets
port2,5,genetic_algorithm,0.00021904441505838214,0.00021941323121746941,2.607924071017819e-07,0.014800149156626164,0.014812601179098746,2.645339027939675,0.002177900998472627,5,"[3, 9, 11, 12, 18]",,2.0,73.56234104104806,526.4376589589519,False,85,30,True,first_30_assets
port2,5,simulated_annealing,0.00022805639155954206,0.00023516642384974334,5.050283854564304e-06,0.015101536066226577,0.015334246213370503,0.49775540297074866,0.002176306848940078,5,"[3, 8, 11, 12, 18]",,2.0,81.5061624160735,518.4938375839265,False,85,30,True,first_30_assets
port2,10,no_sparsity,0.00017648418656778273,0.00017648418656778273,0.0,0.013284735095882896,0.013284735095882896,0.0010361671447753906,0.0023451078627987087,21,"[0, 1, 2, 3, 5, 6, 7, 9, 11, 12, 13, 14, 15, 16, 17, 18, 19, 21, 22, 28, 29]",,,83.00415304105263,516.9958469589474,False,85,30,True,first_30_assets
port2,10,cardinality,0.00017972926288979457,0.00017972926288979457,0.0,0.013406314291772909,0.013406314291772909,0.024856090545654297,0.0021763,10,"[1, 2, 3, 7, 9, 11, 12, 18, 19, 21]",0.0,2.0,83.0191982910037,516.9808017089963,False,85,30,True,first_30_assets
port2,10,genetic_algorithm,0.00017973138016731858,0.00017982256079575697,1.2894888136327434e-07,0.013406393257223159,0.013409792604087459,4.6926277639577165,0.0021826490795154676,10,"[1, 2, 3, 7, 9, 11, 12, 18, 19, 21]",,2.0,83.05880116601475,516.9411988339853,False,85,30,True,first_30_assets
port2,10,simulated_annealing,0.0001982863944825198,0.00020028492244188027,1.4159893992679149e-06,0.014081420186988236,0.014152116927500685,0.9614082916717356,0.0022133918802840842,10,"[0, 1, 2, 3, 11, 12, 16, 18, 20, 23]",,2.0,97.14456820802297,502.855431791977,False,85,30,True,first_30_assets
port2,20,no_sparsity,0.00017648418656778273,0.00017648418656778273,0.0,0.013284735095882896,0.013284735095882896,0.0010790824890136719,0.0023451078627987087,21,"[0, 1, 2, 3, 5, 6, 7, 9, 11, 12, 13, 14, 15, 16, 17, 18, 19, 21, 22, 28, 29]",,,100.03369766601827,499.96630233398173,False,85,30,True,first_30_assets
port2,20,cardinality,0.00017648241986046974,0.00017648241986046974,0.0,0.013284668601830824,0.013284668601830824,0.0037431716918945312,0.0023454177100483745,17,"[0, 1, 2, 3, 5, 7, 9, 11, 12, 14, 15, 17, 18, 19, 21, 28, 29]",0.0,2.0,100.04923991602845,499.95076008397155,False,85,30,True,first_30_assets
port2,20,genetic_algorithm,0.00017648242043774836,0.00017648242159961776,1.6316715135618965e-12,0.013284668623558073,0.013284668667287782,13.487285639314601,0.0023454187106156476,20,"[0, 1, 2, 3, 4, 5, 7, 8, 9, 11, 12, 14, 15, 17, 18, 19, 21, 26, 28, 29]",,2.0,100.06812766601797,499.931872333982,False,85,30,True,first_30_assets
port2,20,simulated_annealing,0.00017650293831510979,0.00017703024925809488,3.786107148875245e-07,0.013285440840074136,0.013305263871623401,2.647111499643264,0.0023409516439256038,20,"[0, 1, 2, 3, 4, 5, 7, 9, 11, 12, 13, 14, 15, 17, 18, 19, 21, 24, 27, 28]",,2.0,140.53937583300285,459.46062416699715,False,85,30,True,first_30_assets
port3,5,no_sparsity,0.0002525422642337543,0.0002525422642337543,0.0,0.015891578405990838,0.015891578405990838,0.0011589527130126953,0.002993966797283784,21,"[1, 2, 6, 8, 9, 10, 11, 13, 14, 15, 16, 17, 19, 20, 21, 22, 23, 24, 25, 27, 29]",,,148.49529512505978,451.5047048749402,False,89,30,True,first_30_assets
port3,5,cardinality,0.00027916540801428176,0.00027916540801428176,0.0,0.016708243714235252,0.016708243714235252,0.05212116241455078,0.002993966666666666,5,"[1, 2, 19, 24, 29]",0.0,2.0,148.51089883304667,451.48910116695333,False,89,30,True,first_30_assets
port3,5,genetic_algorithm,0.0002791654140779516,0.00028475728047609657,5.098620101968639e-06,0.016708243895692677,0.01687407838171101,2.3759090416521453,0.002993967067155107,5,"[1, 2, 19, 24, 29]",,2.0,148.58031358302105,451.41968641697895,False,89,30,True,first_30_assets
port3,5,simulated_annealing,0.0002939621578874711,0.00031753501761387306,1.6676259453238405e-05,0.01714532466556032,0.017813246810561793,0.48385595832951367,0.0029939718617055713,5,"[1, 19, 23, 24, 25]",,2.0,155.71645679103676,444.28354320896324,False,89,30,True,first_30_assets
port3,10,no_sparsity,0.0002525422642337543,0.0002525422642337543,0.0,0.015891578405990838,0.015891578405990838,0.0010900497436523438,0.002993966797283784,21,"[1, 2, 6, 8, 9, 10, 11, 13, 14, 15, 16, 17, 19, 20, 21, 22, 23, 24, 25, 27, 29]",,,157.17421225004364,442.82578774995636,False,89,30,True,first_30_assets
port3,10,cardinality,0.00025309272743457976,0.00025309272743457976,0.0,0.015908888315485144,0.015908888315485144,0.020617008209228516,0.0029939666666666666,10,"[1, 2, 8, 14, 19, 22, 23, 24, 25, 29]",0.0,2.0,157.19047350005712,442.8095264999429,False,89,30,True,first_30_assets
port3,10,genetic_algorithm,0.0002530927282461553,0.0002533401586888625,3.4991948782054945e-07,0.01590888834099213,0.015916659131817907,4.592249875344957,0.0029939667756382756,10,"[1, 2, 8, 14, 19, 22, 23, 24, 25, 29]",,2.0,157.22687775001395,442.77312224998605,False,89,30,True,first_30_assets
port3,10,simulated_annealing,0.00025761558670949646,0.00026619635189894505,6.08404308981877e-06,0.01605040768047642,0.01631445086091597,0.9316814303165302,0.002993967006252572,10,"[1, 2, 4, 10, 19, 23, 24, 25, 27, 29]",,2.0,171.01462558307685,428.98537441692315,False,89,30,True,first_30_assets
port3,20,no_sparsity,0.0002525422642337543,0.0002525422642337543,0.0,0.015891578405990838,0.015891578405990838,0.00109100341796875,0.002993966797283784,21,"[1, 2, 6, 8, 9, 10, 11, 13, 14, 15, 16, 17, 19, 20, 21, 22, 23, 24, 25, 27, 29]",,,173.81527016602922,426.1847298339708,False,89,30,True,first_30_assets
port3,20,cardinality,0.00025254157970234885,0.00025254157970234885,0.0,0.015891556868423837,0.015891556868423837,0.004099130630493164,0.0029939666666666666,17,"[1, 2, 6, 8, 9, 10, 11, 14, 16, 19, 20, 21, 22, 23, 24, 25, 29]",0.0,2.0,173.83161300001666,426.16838699998334,False,89,30,True,first_30_assets
port3,20,genetic_algorithm,0.00025255009506470257,0.00025255962179198234,1.3439222932538849e-08,0.015891824787125693,0.015892124515407103,13.15405480536477,0.0029939667091894327,20,"[1, 2, 3, 5, 6, 8, 9, 10, 11, 14, 16, 19, 21, 22, 23, 24, 25, 26, 28, 29]",,2.0,173.85105662501883,426.1489433749812,False,89,30,True,first_30_assets
port3,20,simulated_annealing,0.0002526152077339908,0.0002528795550134157,2.888535944051133e-07,0.015893873276643135,0.015902184521493588,2.61710765294265,0.002993967012696642,20,"[1, 2, 3, 6, 8, 9, 11, 12, 14, 15, 17, 18, 19, 20, 21, 22, 23, 24, 25, 29]",,2.0,213.32477175001986,386.67522824998014,False,89,30,True,first_30_assets
port4,5,no_sparsity,0.00019145710970699595,0.00019145710970699595,0.0,0.013836802727039074,0.013836802727039074,0.0010368824005126953,0.002864933401374888,26,"[0, 1, 3, 4, 5, 6, 7, 8, 9, 10, 11, 12, 13, 14, 15, 16, 17, 18, 19, 20, 22, 23, 24, 26, 27, 29]",,,221.1877401249949,378.8122598750051,False,98,30,True,first_30_assets
port4,5,cardinality,0.00024136572029059247,0.00024136572029059247,0.0,0.015535949288363183,0.015535949288363183,0.5671596527099609,0.0028649333333333332,5,"[4, 7, 8, 10, 19]",0.0,2.0,221.20444083306938,378.7955591669306,False,98,30,True,first_30_assets
port4,5,genetic_algorithm,0.0002413658103606746,0.00024284235568981606,2.0881504299304795e-06,0.015535952187126304,0.01558325640907534,2.566060069637994,0.0028649365705343817,5,"[4, 7, 8, 10, 19]",,2.0,221.79431791603565,378.20568208396435,False,98,30,True,first_30_assets
port4,5,simulated_annealing,0.0002558885574374208,0.00027097763710004177,1.224377864807578e-05,0.015996517040825504,0.016457191281623176,0.4986855973256752,0.0029994994751364403,5,"[4, 7, 10, 15, 18]",,2.0,229.50169154105242,370.4983084589476,False,98,30,True,first_30_assets
port4,10,no_sparsity,0.00019145710970699595,0.00019145710970699595,0.0,0.013836802727039074,0.013836802727039074,0.0010979175567626953,0.002864933401374888,26,"[0, 1, 3, 4, 5, 6, 7, 8, 9, 10, 11, 12, 13, 14, 15, 16, 17, 18, 19, 20, 22, 23, 24, 26, 27, 29]",,,231.00376379105728,368.9962362089427,False,98,30,True,first_30_assets
port4,10,cardinality,0.00020467119873387242,0.00020467119873387242,0.0,0.01430633421718759,0.01430633421718759,0.33130598068237305,0.0028649333333333337,10,"[0, 1, 3, 4, 7, 8, 10, 12, 18, 29]",0.0,2.0,231.02088325005025,368.97911674994975,False,98,30,True,first_30_assets
port4,10,genetic_algorithm,0.00020467119931679638,0.00020553918668161594,8.458491494272568e-07,0.01430633423756052,0.014336607592894124,4.621582569049981,0.0028649333589157184,10,"[0, 1, 3, 4, 7, 8, 10, 12, 18, 29]",,2.0,231.3741842500167,368.6258157499833,False,98,30,True,first_30_assets
port4,10,simulated_annealing,0.00021306627798501428,0.00022052051793196686,6.874376751564948e-06,0.014596789989070004,0.014848138473929864,0.9599034723360091,0.002864933378672038,10,"[0, 1, 3, 7, 8, 9, 10, 18, 20, 29]",,2.0,245.25354408309795,354.74645591690205,False,98,30,True,first_30_assets
port4,20,no_sparsity,0.00019145710970699595,0.00019145710970699595,0.0,0.013836802727039074,0.013836802727039074,0.0010349750518798828,0.002864933401374888,26,"[0, 1, 3, 4, 5, 6, 7, 8, 9, 10, 11, 12, 13, 14, 15, 16, 17, 18, 19, 20, 22, 23, 24, 26, 27, 29]",,,248.14003495802172,351.8599650419783,False,98,30,True,first_30_assets
port4,20,cardinality,0.00019162988327771314,0.00019162988327771314,0.0,0.013843044581222482,0.013843044581222482,0.0213010311126709,0.0028649333333333332,20,"[0, 1, 3, 4, 6, 7, 8, 9, 10, 11, 12, 15, 16, 17, 18, 20, 22, 24, 27, 29]",0.0,2.0,248.15784475009423,351.8421552499058,False,98,30,True,first_30_assets
port4,20,genetic_algorithm,0.00019162988329691398,0.00019163952513701502,1.3635621037147967e-08,0.013843044581916002,0.013843392824537963,13.32152881931203,0.002864933334148108,20,"[0, 1, 3, 4, 6, 7, 8, 9, 10, 11, 12, 15, 16, 17, 18, 20, 22, 24, 27, 29]",,2.0,248.19610279100016,351.80389720899984,False,98,30,True,first_30_assets
port4,20,simulated_annealing,0.0001939334965856899,0.0001960010676354348,2.110510796658433e-06,0.013926000739109915,0.013999835789814017,2.6480830693229414,0.002864933393264028,20,"[0, 1, 4, 6, 7, 8, 9, 10, 11, 12, 15, 17, 18, 19, 20, 22, 24, 26, 27, 28]",,2.0,288.1795777080115,311.8204222919885,False,98,30,True,first_30_assets
port5,5,no_sparsity,0.0005673659704027339,0.0005673659704027339,0.0,0.02381944521609884,0.02381944521609884,0.0010449886322021484,-3.439878538798368e-05,7,"[4, 7, 8, 10, 17, 18, 27]",,,296.15805504110176,303.84194495889824,False,225,30,True,first_30_assets
port5,5,cardinality,0.0005718168709409129,0.0005718168709409129,0.0,0.023912692674412744,0.023912692674412744,0.011704683303833008,6.0529524115867334e-05,5,"[8, 10, 17, 18, 27]",0.0,2.0,296.1760812080465,303.8239187919535,False,225,30,True,first_30_assets
port5,5,genetic_algorithm,0.0005718168709630742,0.0005721130006648866,4.187906405246528e-07,0.023912692674876123,0.0239188821654629,2.4270307360372194,6.052238128009625e-05,5,"[8, 10, 17, 18, 27]",,2.0,296.2050356660038,303.7949643339962,False,225,30,True,first_30_assets
port5,5,simulated_annealing,0.0005855070906583543,0.0005910959930389278,7.88287207203903e-06,0.02419725378340183,0.024311927803624855,0.4857804166773955,0.00018254363495752443,5,"[8, 10, 24, 25, 27]",,2.0,303.49625491607003,296.50374508392997,False,225,30,True,first_30_assets
port5,10,no_sparsity,0.0005673659704027339,0.0005673659704027339,0.0,0.02381944521609884,0.02381944521609884,0.0010581016540527344,-3.439878538798368e-05,7,"[4, 7, 8, 10, 17, 18, 27]",,,304.9612518750364,295.0387481249636,False,225,30,True,first_30_assets
port5,10,cardinality,0.0005673656240672143,0.0005673656240672143,0.0,0.023819437946081226,0.023819437946081226,0.0034470558166503906,-3.439980398780963e-05,7,"[4, 7, 8, 10, 17, 18, 27]",0.0,2.0,304.9795908750966,295.0204091249034,False,225,30,True,first_30_assets
port5,10,genetic_algorithm,0.0005673656243052493,0.0005673656248217557,6.20584028603385e-13,0.023819437951077882,0.023819437961919997,4.609689236346942,-3.4399751777464276e-05,10,"[0, 4, 5, 7, 8, 10, 14, 17, 18, 27]",,2.0,304.99975150008686,295.00024849991314,False,225,30,True,first_30_assets
port5,10,simulated_annealing,0.0005685890639712235,0.0005711464441404123,1.8227497201823165e-06,0.023845105660726763,0.023898639884599126,0.9311038890155032,-4.697567307268586e-05,10,"[2, 6, 7, 8, 10, 17, 18, 22, 25, 27]",,2.0,318.83622108306736,281.16377891693264,False,225,30,True,first_30_assets
port5,20,no_sparsity,0.0005673659704027339,0.0005673659704027339,0.0,0.02381944521609884,0.02381944521609884,0.0010519027709960938,-3.439878538798368e-05,7,"[4, 7, 8, 10, 17, 18, 27]",,,321.6401222080458,278.3598777919542,False,225,30,True,first_30_assets
port5,20,cardinality,0.0005673656240672143,0.0005673656240672143,0.0,0.023819437946081226,0.023819437946081226,0.002610921859741211,-3.439980398780963e-05,7,"[4, 7, 8, 10, 17, 18, 27]",0.0,2.0,321.6582589580212,278.3417410419788,False,225,30,True,first_30_assets
port5,20,genetic_algorithm,0.0005673656304539671,0.0005673656304607975,7.329458876016633e-15,0.023819438080147214,0.023819438080290592,13.108474596985616,-3.439969276104011e-05,20,"[0, 1, 2, 4, 6, 7, 8, 9, 10, 13, 14, 15, 17, 18, 19, 20, 22, 24, 27, 28]",,2.0,321.6791250410024,278.3208749589976,False,225,30,True,first_30_assets
port5,20,simulated_annealing,0.0005673656307687503,0.0005673656349656674,5.926816188334023e-12,0.023819438086754907,0.02381943817485348,2.66231911132733,-3.439976871671141e-05,20,"[3, 4, 5, 6, 7, 8, 9, 10, 12, 15, 16, 17, 18, 19, 20, 22, 24, 25, 26, 27]",,2.0,361.01726700004656,238.98273299995344,False,225,30,True,first_30_assets
